Time,Asset,Advice,Entry,TP,SL,Investment,Result,Status,Outcome
2026-01-31 15:36:28,Bitcoin,WAIT / TREND WEAK,"$82,993.00","$85,482.79","$81,748.10",$200.00,ACTIVE,🛑 SL HIT,Loss: $194.19
2026-01-31 15:36:40,Bitcoin,WAIT / TREND WEAK,"$82,993.00","$85,482.79","$81,748.10",$200.00,ACTIVE,🛑 SL HIT,Loss: $194.19
2026-01-31 16:22:26,Bitcoin,WAIT / TREND WEAK,"$82,911.00","$85,402.45","$81,671.27",$200.00,ACTIVE,🛑 SL HIT,Loss: $194.18
2026-01-31 20:22:19,Bitcoin,WAIT / TREND WEAK,"$81,080.00","$83,512.40","$79,863.80",$270.00,ACTIVE,🛑 SL HIT,Loss: $261.96
2026-01-31 20:22:43,Ethereum,WAIT / TREND WEAK,"$2,538.55","$2,614.71","$2,500.47",$270.00,EXIT@109.25004142886618,✅ CLOSED,Loss: $258.38
2026-02-01 14:24:18,Bitcoin,WAIT / TREND WEAK,"$78,648.00","$81,007.44","$77,468.28",$200.00,ACTIVE
2026-02-01 14:25:34,Ethereum,WAIT / TREND WEAK,"$2,412.93","$2,485.32","$2,376.74",$200.00,ACTIVE
2026-02-01 14:34:42,Solana,WAIT / TREND WEAK,$105.04,$108.19,$103.46,$120.00,ACTIVE
2026-02-01 14:34:59,BNB,WAIT / TREND WEAK,$778.43,$801.78,$766.75,$120.00,ACTIVE
2026-02-02 23:27:21,Bitcoin,WAIT / TREND WEAK,"$78,501.00","$81,260.82","$77,710.59",$200.00,ACTIVE
2026-02-02 23:27:44,Ethereum,WAIT / TREND WEAK,"$2,342.11","$2,412.37","$2,306.98",$200.00,ACTIVE
2026-02-02 23:28:04,Solana,WAIT / TREND WEAK,$103.63,$106.74,$102.08,$120.00,ACTIVE
